song_id,song_name,youtube_url
734953,,https://youtu.be/sV2H712ldOI
734953,,https://youtu.be/_JeLNAjjBHw
793121,,https://youtu.be/KlTNKOnfXFk
793121,,https://youtu.be/Qc8nkGIRft8
752940,,https://youtu.be/c56TpxfO9q0
752940,,https://youtu.be/AVIo9K-DrcY
749433,,https://youtu.be/thmR2SmkeDU
748682,,https://youtu.be/isXoiYfoDd8
748682,,https://youtu.be/W2E-J3PvR8w
750840,,https://youtu.be/lOwCUMprBoY
750840,,https://youtu.be/XlZFX_EvUr8
747700,,https://youtu.be/ZaZhdZl0coU
747700,,https://youtu.be/cru2vDgnZk4
761077,,https://youtu.be/kqj7b59D85Y
761077,,https://youtu.be/SRF8d_wPXSI
762777,,https://youtu.be/klIxS5o65C4
762777,,https://youtu.be/AL8HMsmvBBI
776144,,https://youtu.be/JAWrvTEPDLc
776144,,https://youtu.be/70gvgaCrA88
786030,,https://youtu.be/jaCSrluJBUE
768497,,https://youtu.be/j9RGt9Z_UeE
768497,,https://youtu.be/TWfzTfFBvWo
749801,,https://youtu.be/3-kI9rDwQ8E
771172,,https://youtu.be/njKdvdYQ-xE
771172,,https://youtu.be/xrAAhTXfl5s
747458,,https://youtu.be/4UnFgCK8bxM
747458,,https://youtu.be/rxo32m4MSCo
788902,,https://youtu.be/xdNIO7WudEw
788902,,https://youtu.be/zSXpUoW7QJ8
729113,,https://youtu.be/iD3oF5HkPms
729113,,https://youtu.be/01eg9BEpUAs
732509,,https://youtu.be/5l8VZEyNRH8
732509,,https://youtu.be/Givlo4EF2n4
753297,,https://youtu.be/LW1KBCgvEPQ
753297,,https://youtu.be/J5tp9a-kBYI
747843,,https://youtu.be/YriCyPkBdHg
743632,,https://youtu.be/gX_EUiEdur8
743632,,https://youtu.be/cW2tAhpvHtE
788586,,https://youtu.be/6JEdJWwcIyk
788586,,https://youtu.be/2XpDyJrQk-4
740379,,https://youtu.be/9hveQ4bsqzs
740379,,https://youtu.be/0KsA4qP3NoY
777659,,https://youtu.be/euRzG6zmEb8
777659,,https://youtu.be/tzAgvnABZzo
741720,,https://youtu.be/3d_kACCKFRc
741720,,https://youtu.be/jwoPdVJ1mHw
